pose_id,avg_error_pct,error_limit_pct,measured_value,actual_value,point_cloud_avg_mm,point_cloud_max_mm,num_circles,detected_translation_robot_mm,detected_translation_camera_mm,detected_rotation_robot_deg,detected_rotation_camera_deg,notes
pose_000,0.05,0.80,39.98,40.00,0.201770,0.539946,20,0.00,0.00,0.00,0.00,
pose_001,0.01,0.80,39.99,40.00,0.194273,0.619281,20,74.61,74.80,0.00,0.14,
pose_002,0.02,0.60,39.99,40.00,0.108613,0.27572,18,129.20,129.72,0.00,0.19,
pose_003,0.04,0.60,39.99,40.00,0.107839,0.254045,17,176.24,176.82,0.00,0.23,
pose_004,0.00,0.60,40.00,40.00,0.06017,0.135019,16,217.30,217.90,0.00,0.30,
pose_005,0.10,0.60,39.96,40.00,0.0685307,0.191197,15,274.90,273.87,0.00,0.30,
pose_006,0.03,0.60,39.99,40.00,0.0722754,0.265999,15,301.74,303.09,0.03,0.33,
pose_007,0.05,0.60,39.98,40.00,0.0707611,0.160761,12,280.42,281.51,0.03,0.29,
pose_008,0.09,0.60,39.96,40.00,0.0786574,0.200577,15,293.71,294.71,0.06,0.29,
pose_009,0.14,0.60,39.94,40.00,0.0842302,0.181928,14,307.26,306.64,0.04,0.27,
pose_010,0.14,0.60,39.94,40.00,0.0502639,0.155671,17,299.29,299.97,0.05,0.19,
pose_011,0.16,0.60,39.94,40.00,0.0869567,0.178288,15,302.98,302.62,0.07,0.32,
pose_012,0.19,0.60,39.92,40.00,0.0807532,0.233146,20,262.54,262.03,0.10,0.16,
pose_013,0.19,0.60,39.92,40.00,0.0652134,0.178208,20,250.95,251.65,0.10,0.13,
pose_014,0.11,0.60,39.96,40.00,0.0926219,0.240384,19,231.25,233.42,0.10,0.49,
pose_015,0.13,0.60,39.95,40.00,0.115993,0.331334,20,246.12,246.74,0.11,0.42,
pose_016,0.08,0.60,39.97,40.00,0.0825671,0.242006,16,236.51,235.99,0.11,0.31,
pose_017,0.15,0.60,39.94,40.00,0.0989702,0.199326,17,258.01,258.24,0.11,0.40,
pose_018,0.14,0.60,39.94,40.00,0.102107,0.227167,14,238.00,239.42,0.11,0.40,
pose_019,0.08,0.60,39.97,40.00,0.118963,0.27969,20,218.24,217.88,0.11,0.29,
pose_020,0.02,0.60,39.99,40.00,0.107469,0.418288,20,174.86,129.24,9.30,9.36,large rotation
pose_021,0.11,0.60,39.96,40.00,0.0749309,0.143099,13,309.36,224.48,17.03,17.23,large rotation
pose_022,0.11,0.60,39.96,40.00,0.0812546,0.19314,15,353.40,280.00,26.18,26.36,large rotation
pose_023,0.03,0.60,39.99,40.00,0.0649998,0.211101,14,313.56,260.89,33.91,33.85,large rotation
pose_024,0.11,0.60,39.96,40.00,0.101572,0.303286,13,326.54,266.79,44.73,44.74,large rotation
pose_025,0.02,0.60,39.99,40.00,0.086170,0.273152,15,236.30,242.89,37.69,37.79,large rotation
pose_026,0.03,0.80,39.99,40.00,0.154892,0.453760,20,95.54,95.99,0.00,0.26,
